"","Management","Area","Order","Family","Genus","Species","Model","Meeting_or_reference","Case","Notes","Stock","G.short","G.Species","Manage.short","LME","Area.broad","Area.long","Area.narrow","Stock.short","Stock.no.species"
"AFSC_AI_Gadus_macrocephalus","AFSC","AI","Gadiformes","Gadidae","Gadus","macrocephalus","Tier 5 model","",NA,"catch data are not by age","AFSC_AI_Gadus_macrocephalus","G.","G. macrocephalus","AFSC","Pacific (Alaska)","AI","Aleutian Islands","","Aleutian Islands  G. macrocephalus","Aleutian Islands "
"AFSC_AI_Theragra_chalcogramma","AFSC","AI","Gadiformes","Gadidae","Theragra","chalcogramma","Model 1.0 AMAK is a variation of the “Stock Assessment Toolbox” model","",NA,"Catch estimated from model (in millions) Catch.15 is 15+","AFSC_AI_Theragra_chalcogramma","T.","T. chalcogramma","AFSC","Pacific (Alaska)","AI","Aleutian Islands","","Aleutian Islands  T. chalcogramma","Aleutian Islands "
"AFSC_BASI-Females_Pleuronectes_quadrituberculatus","AFSC","BSAI-Females","Pleuronectiformes","Pleuronectidae","Pleuronectes","quadrituberculatus","catch-at-age model","Fournier et al. 2012",NA,"catch at age in numbers is a model output; annual landings and discard data are available but not by age","AFSC_BSAI_Pleuronectes_quadrituberculatus","P.","P. quadrituberculatus","AFSC","Pacific (Alaska)","BASI-Females","Bering Sea & AI","","Bering Sea & AI  P. quadrituberculatus","Bering Sea & AI "
"AFSC_BSAI-females_Atheresthes_stomais","AFSC","BSAI-females","Pleuronectiformes","Pleuronectidae","Atheresthes","stomais","ADMB numbers at age MLE","",NA,"Weight at age and number at age data for each sex total biomass vs. female biomass too","AFSC_BSAI_Atheresthes_stomais","A.","A. stomais","AFSC","Pacific (Alaska)","BSAI","Bering Sea & AI","","Bering Sea & AI  A. stomais","Bering Sea & AI "
"AFSC_BSAI_Gadus_macrocephalus","AFSC","BSAI","Gadiformes","Gadidae","Gadus","macrocephalus","","",NA,"Not sure if this is really a unique stock from AI?","AFSC_BSAI_Gadus_macrocephalus","G.","G. macrocephalus","AFSC","Pacific (Alaska)","BSAI","Bering Sea & AI","","Bering Sea & AI  G. macrocephalus","Bering Sea & AI "
"AFSC_BSAI_Pleurogrammus_monopterygius","AFSC","BSAI","Scorpaeniformes ","Hexagrammidae","Pleurogrammus","monopterygius","AMAK (similar to stock synthesis)","Lowe et al. 2002",NA,"Catch is in numbers in millions catch.11 is 11+","AFSC_BSAI_Pleurogrammus_monopterygius","P.","P. monopterygius","AFSC","Pacific (Alaska)","BSAI","Bering Sea & AI","","Bering Sea & AI  P. monopterygius","Bering Sea & AI "
"AFSC_EEBSAI-Females_Lepidopsetta_polyxystra","AFSC","EEBSAI-Females","Pleuronectiformes","Pleuronectidae","Lepidopsetta","polyxystra","separable catch-age analysis","Fournier and Archibald 1982",NA,"Estimated catch numbers at age in millions for each sex","AFSC_EEBSAI_Lepidopsetta_polyxystra","L.","L. polyxystra","AFSC","Pacific (Alaska)","BSAI","Bering Sea & AI","","Bering Sea & AI  L. polyxystra","Bering Sea & AI "
"AFSC_EEBSAI_Limanda_aspera","AFSC","EEBSAI","Pleuronectiformes","Pleuronectidae","Limanda","aspera","separable catch-age analysis SAM","Fournier and Archibald 1982",NA,"Catch-at-age in proportions. CAT.total is in tons.","AFSC_EEBSAI_Limanda_aspera","L.","L. aspera","AFSC","Pacific (Alaska)","BSAI","Bering Sea & AI","","Bering Sea & AI  L. aspera","Bering Sea & AI "
"AFSC_ESB_Theragra_chalcogramma","AFSC","ESB","Gadiformes","Gadidae","Theragra","chalcogramma","Statistical age-structured assessment model like stock synthesis","Fournier and Archibald (1982) Methot 1990",NA,"Catch.10 is 10+ in millions estimated following methods of Kimura (1989) and Dorn (1992). Catch-at-age estimates based on observer data are also available. Catch includes discards. ","AFSC_ESB_Theragra_chalcogramma","T.","T. chalcogramma","AFSC","Pacific (Alaska)","ESB","Bering Sea","","Bering Sea  T. chalcogramma","Bering Sea "
"AFSC_GOA_Gadus_macrocephalus","AFSC","GOA","Gadiformes","Gadidae","Gadus","macrocephalus","Stock Synthesis v3.24S 4 variations on model","Methot and Wetzel 2013; Methot 2013",NA,"catch-at-length available. Discards are included in catch data","AFSC_GOA_Gadus_macrocephalus","G.","G. macrocephalus","AFSC","Pacific (Alaska)","GOA","Gulf of Alaska","","Gulf of Alaska  G. macrocephalus","Gulf of Alaska "
"AFSC_GOA_Theragra_chalcogramma","AFSC","GOA","Gadiformes","Gadidae","Theragra","chalcogramma","age-structured assessment model (ADMB)","Francis 2011 Fournier and Archibald 1982 Deriso et al 1985 Hilborn and Walters 1992",NA,"Catch-at-age is estimated and is in millions. Total catch included discards","AFSC_GOA_Theragra_chalcogramma","T.","T. chalcogramma","AFSC","Pacific (Alaska)","GOA","Gulf of Alaska","","Gulf of Alaska  T. chalcogramma","Gulf of Alaska "
"CERT-TRAC_GB_Melanogrammus_Aeglefinus","CERT-TRAC","GB","Gadiformes","Gadide","Melanogrammus","aeglefinus","ADAPT VPA","Gavaris 1988 Gavaris and Van Eeckhoute 1998",NA,"Includes discards. In thousands. Catch.9 is 9+","CERT-TRAC_GB_Melanogrammus_Aeglefinus","M.","M. aeglefinus","DFO-TRAC","NW Atlantic","GOM-GB","Georges Bank","","Georges Bank  M. aeglefinus","Georges Bank "
"DFO_2J3KL_Gadus_morhua","DFO","2J3KL","Gadiformes","Gadidae","Gadus","morhua","NCAM","Cadigan 2015 2016",NA,"","DFO_2J3KL_Gadus_morhua","G.","G. morhua","DFO-TRAC","NW Atlantic","NFLD","NFLD","2J 3KL","NFLD 2J 3KL G. morhua","NFLD 2J 3KL"
"DFO_3Pn-4RS_Gadus_morhua","DFO","3Pn-4RS","Gadiformes","Gadidae","Gadus","morhua","sequential population analysis (SPA) was conducted using the ADAPT NFT program (VPA/ADAPT version 3.4.5 NOAA Fisheries Toolbox 2014)","https://waves-vagues.dfo-mpo.gc.ca/library-bibliotheque/40759520.pdf",NA,"Commercial fisheries catch-at-age (000's). Commercial only","DFO_3Pn-4RS_Gadus_morhua","G.","G. morhua","DFO-TRAC","NW Atlantic","NFLD","NFLD","3Pn 4RS","NFLD 3Pn 4RS G. morhua","NFLD 3Pn 4RS"
"DFO_4T-4VN_Gadus_morhua","DFO","4T-4VN","Gadiformes","Gadidae","Gadus","morhua","SCA used in 2019 but previously used VPA","Swain et al. 2015b",NA,"Catch.12 is 12+. Landings at age (numbers 1000s) of southern Gulf of St. Lawrence Atlantic Cod 1971 to 2018. The table includes landings in 4T 4Vn (Nov.-Apr.) and 4Vs (Jan.-Apr.). Data for 2017 and 2018 are preliminary. Calculated using keys. Includes discards and multiple fleets","DFO_4T-4VN_Gadus_morhua","G.","G. morhua","DFO-TRAC","NW Atlantic","GSL","NAFO 4T","","NAFO 4T  G. morhua","NAFO 4T "
"DFO_4T-Fall_Clupea_harengus","DFO","4T-Fall","Clupeiformes","Clupeidae","Clupea","harengus","spawner component assessment (qSCA and qmSCA)","Turcotte et al. 2020 Fournier et al. 2012",NA,"Fall spawner catch-at-age for 4T herring fishery all gears. It is in thousands. Discards are not estimated. Catch.11 is 11+. Table 32","DFO_4T-Fall_Clupea_harengus","C.","C. harengus","DFO-TRAC","NW Atlantic","GSL","NAFO 4T","Fall","NAFO 4T Fall C. harengus","NAFO 4T Fall"
"DFO_4T-Spring_Clupea_harengus","DFO","4T-Spring","Clupeiformes","Clupeidae","Clupea","harengus","spawner component assessment","Fournier et al. 2012",NA,"Spring spawner catch-at-age for 4T herring fishery all gears combined. In thousands. Discards are not estimated. Catch.11 is 11+. Table 16","DFO_4T-Spring_Clupea_harengus","C.","C. harengus","DFO-TRAC","NW Atlantic","GSL","NAFO 4T","Spring","NAFO 4T Spring C. harengus","NAFO 4T Spring"
"DFO_4T_Hippoglossoides _platessoides","DFO","4T","Pleuronectiformes","Pleuronectidae","Hippoglossoides ","platessoides","VPA","Hillborn and Walters 1992",NA,"FK changed catch data from survey catch-at-age (table 3) to fishery (table 2 includes both discards and landings). Estimated numbers caught at age (thousands) of 4T American plaice (landings + estimated discarded catch-at-age).","DFO_4T_Hippoglossoides _platessoides","H.","H. platessoides","DFO-TRAC","NW Atlantic","GSL","NAFO 4T","","NAFO 4T  H. platessoides","NAFO 4T "
"DFO_4T_Scomber_scombrus","DFO","4T","Scombriformes","Scombridae","Scomber","scombrus","No model as of 2012. Censored statistical catch-at-age model (CCAM) introduced in 2017.","Van Beveren et al. 2017",NA,"Commercial catch at age in thousands in subareas 3 and 4 for years up to 2012","DFO_4T_Scomber_scombrus","S.","S. scombrus","DFO-TRAC","NW Atlantic","GSL","NAFO 4T","","NAFO 4T  S. scombrus","NAFO 4T "
"ICES-AFWG_NEA1-2_Gadus_morhua","ICES-AFWG","NEA1-2","Gadiformes","Gadidae","Gadus","morhua","SAM","IBP cod 2017","","Catch.15 is 15+","ICES-AFWG_NEA1-2_Gadus_morhua","G.","G. morhua","ICES","NE Atlantic","NEA","NE Arctic","","NE Arctic  G. morhua","NE Arctic "
"ICES-AFWG_NEA1-2_Melanogrammus_aeglefinus","ICES-AFWG","NEA1-2","Gadiformes","Gadidae","Melanogrammus","aeglefinus","SAM","WKARCT 2015","Y","Catch.13 is 13+","ICES-AFWG_NEA1-2_Melanogrammus_aeglefinus","M.","M. aeglefinus","ICES","NE Atlantic","NEA","NE Arctic","","NE Arctic  M. aeglefinus","NE Arctic "
"ICES-AFWG_NEA1-2_Pollachius_virens","ICES-AFWG","NEA1-2","Gadiformes","Gadidae","Pollachius","virens","SAM","Interbenchmark 2014","","Catch.13 is 13+","ICES-AFWG_NEA1-2_Pollachius_virens","P.","P. virens","ICES","NE Atlantic","NEA","NE Arctic","","NE Arctic  P. virens","NE Arctic "
"ICES-HAWG_ NS-IV 3a,7d_Clupea_harengus","ICES-HAWG"," NS-IV 3a,7d","Clupeiformes","Clupeidae","Clupea","harengus","FLSAM","Kell et a. 2007, WKPELA 2012","Y","","ICES-HAWG_ NS-IV 3a,7d_Clupea_harengus","C.","C. harengus","ICES","NE Atlantic","NS","North Sea","","North Sea  C. harengus","North Sea "
"ICES-HAWG_CS 6a- 7b-7c_Clupea_harengus","ICES-HAWG","CS 6a- 7b-7c","Clupeiformes","Clupeidae","Clupea","harengus","FLSAM","WKWEST 2015, Kell et al. 2007","Y","","ICES-HAWG_CS 6a- 7b-7c_Clupea_harengus","C.","C. harengus","ICES","NE Atlantic","CS","Celtic Sea","","Celtic Sea  C. harengus","Celtic Sea "
"ICES-HAWG_NS_Ammodytes_dubius","ICES-HAWG","NS","Perciformes","Ammodytidae","Ammodytes","dubius","SMS-effort model","ICES. 2010a. Report of the Benchmark Workshop on Sandeel (WKSAN), 6–10 September 2010. Copenhagen, Denmark. ICES CM 2010/ACOM:57. 201 pp","","Data are for Subarea 1 only","ICES-HAWG_NS_Ammodytes_dubius","A.","A. dubius","ICES","NE Atlantic","NS","North Sea","","North Sea  A. dubius","North Sea "
"ICES-HAWG_WBS 22-24_Clupea_harengus","ICES-HAWG","WBS 22-24","Clupeiformes","Clupeidae","Clupea","harengus","FLSAM","Kell et al. 2007","Y","","ICES-HAWG_WBS 22-24_Clupea_harengus","C.","C. harengus","ICES","NE Atlantic","BS","Baltic Sea","22-24","Baltic Sea 22-24 C. harengus","Baltic Sea 22-24"
"ICES-NWWG_FA5a_Pollachius_virens","ICES-NWWG","FA5a","Gadiformes","Gadidae","Pollachius","virens","SCA","ICES 2010","","","ICES-NWWG_FA5a_Pollachius_virens","P.","P. virens","ICES","NE Atlantic","I-F","Faroes","5a","Faroes 5a P. virens","Faroes 5a"
"ICES-NWWG_FA5b_Melanogrammus_aeglefinus","ICES-NWWG","FA5b","Gadiformes","Gadidae","Melanogrammus","aeglefinus","XSA","","","Catch at age available, but not easily entered","ICES-NWWG_FA5b_Melanogrammus_aeglefinus","M.","M. aeglefinus","ICES","NE Atlantic","I-F","Faroes","5b","Faroes 5b M. aeglefinus","Faroes 5b"
"ICES-NWWG_FA5b_Pollachius_virens","ICES-NWWG","FA5b","Gadiformes","Gadidae","Pollachius","virens","XSA","WKROUND 2010","","Catch.14 is 14+","ICES-NWWG_FA5b_Pollachius_virens","P.","P. virens","ICES","NE Atlantic","I-F","Faroes","5b","Faroes 5b P. virens","Faroes 5b"
"ICES-NWWG_FAPL5b1_Gadus_morhua","ICES-NWWG","FAPL5b1","Gadiformes","Gadidae","Gadus","morhua","XSA","","","Catch.10 is 10+","ICES-NWWG_FAPL5b1_Gadus_morhua","G.","G. morhua","ICES","NE Atlantic","I-F","Faroes","5b","Faroes 5b G. morhua","Faroes 5b"
"ICES-NWWG_ICE-Summer_Clupea_harengus","ICES-NWWG","ICE-Summer","Clupeiformes","Clupeidae","Clupea","harengus","NFT-ADAPT (VPA/ADPAT version 3.3.0 NOAA Fisheries toolbox) and TASACS ( CPA module; Skagen and Skalevik 2009)","","","Catch.15 is 15+","ICES-NWWG_ICE-Summer_Clupea_harengus","C.","C. harengus","ICES","NE Atlantic","I-F","Iceland","","Iceland  C. harengus","Iceland "
"ICES-NWWG_ICE5a_Gadus_morhua","ICES-NWWG","ICE5a","Gadiformes","Gadidae","Gadus","morhua","ADCAM SCA","","","","ICES-NWWG_ICE5a_Gadus_morhua","G.","G. morhua","ICES","NE Atlantic","I-F","Iceland","5a","Iceland 5a G. morhua","Iceland 5a"
"ICES-NWWG_ICE5a_Melanogrammus_aeglefinus","ICES-NWWG","ICE5a","Gadiformes","Gadidae","Melanogrammus","aeglefinus","Adapt","","","Catch.10 is 10+","ICES-NWWG_ICE5a_Melanogrammus_aeglefinus","M.","M. aeglefinus","ICES","NE Atlantic","I-F","Iceland","5a","Iceland 5a M. aeglefinus","Iceland 5a"
"ICES-WGBFAS_B28.1_Clupea_harengus","ICES-WGBFAS","B28.1","Clupeiformes","Clupeidae","Clupea","harengus","XSA","","","Catch.8 is 8+","ICES-WGBFAS_B28.1_Clupea_harengus","C.","C. harengus","ICES","NE Atlantic","BS","Baltic Sea","28","Baltic Sea 28 C. harengus","Baltic Sea 28"
"ICES-WGBFAS_BS 22-32_Sprattus_sprattus","ICES-WGBFAS","BS 22-32","Clupeiformes","Clupeidae","Sprattus","sprattus","XSA, SAM under consideration","","Y","Catch.8 is 8+","ICES-WGBFAS_BS 22-32_Sprattus_sprattus","S.","S. sprattus","ICES","NE Atlantic","BS","Baltic Sea","","Baltic Sea  S. sprattus","Baltic Sea "
"ICES-WGBFAS_BS 25-29-32_Clupea_harengus","ICES-WGBFAS","BS 25-29-32","Clupeiformes","Clupeidae","Clupea","harengus","XSA, SAM under consideration","ICES CM 2013/ACOM:43","","Catch.8 is 8+","ICES-WGBFAS_BS 25-29-32_Clupea_harengus","C.","C. harengus","ICES","NE Atlantic","BS","Baltic Sea","25-32","Baltic Sea 25-32 C. harengus","Baltic Sea 25-32"
"ICES-WGBFAS_NS IIIa 22-24_Solea_Solea","ICES-WGBFAS","NS IIIa 22-24","Pleuronectiformes","Soleidae","Solea","solea","SAM","","","Catch.9 is 9+, FK added this column","ICES-WGBFAS_NS IIIa 22-24_Solea_Solea","S.","S. solea","ICES","NE Atlantic","NS","North Sea","22-24","North Sea 22-24 S. solea","North Sea 22-24"
"ICES-WGBFAS_WBS-25-32_Gadus_morhua","ICES-WGBFAS","WBS-25-32","Gadiformes","Gadidae","Gadus","morhua","SAM","","","Catch.7 is 7+; corrected from Julie's to include ALL landings (comm, disc, rec). Data from 2017, in thousands.","ICES-WGBFAS_WBS-25-32_Gadus_morhua","G.","G. morhua","ICES","NE Atlantic","BS","Baltic Sea","","Baltic Sea  G. morhua","Baltic Sea "
"ICES-WGCSE_CS27.6a_Merlangius_merlangus","ICES-WGCSE","CS27.6a","Gadiformes","Gadidae","Merlangius","merlangus","TSA","Gudmundsson 1994, Fryer 2002, Needle and Fryer 2002","","Catch.7 is 7+","ICES-WGCSE_CS27.6a_Merlangius_merlangus","M.","M. merlangus","ICES","NE Atlantic","CS","Celtic Sea","27.6a","Celtic Sea 27.6a M. merlangus","Celtic Sea 27.6a"
"ICES-WGCSE_CS7a_Merlangius_merlangus","ICES-WGCSE","CS7a","Gadiformes","Gadidae","Merlangius","merlangus","SPALY update of ASAP assessment","WKIRISH3","","Catch at age does not include discards","ICES-WGCSE_CS7a_Merlangius_merlangus","M.","M. merlangus","ICES","NE Atlantic","CS","Celtic Sea","7a","Celtic Sea 7a M. merlangus","Celtic Sea 7a"
"ICES-WGCSE_CS7e-k_Gadus_morhua","ICES-WGCSE","CS7e-k","Gadiformes","Gadidae","Gadus","morhua","XSA","WKROUND 2012","","Catch data are InterCatch outputs, there is a separate table with catch-at-age used in the assessment (after sop correction)","ICES-WGCSE_CS7e-k_Gadus_morhua","G.","G. morhua","ICES","NE Atlantic","CS","Celtic Sea","","Celtic Sea  G. morhua","Celtic Sea "
"ICES-WGCSE_CS7f-7g_Solea_solea","ICES-WGCSE","CS7f-7g","Pleuronectiformes","Soleidae","Solea","solea","XSA","","","Catch.10 is 10+","ICES-WGCSE_CS7f-7g_Solea_solea","S.","S. solea","ICES","NE Atlantic","CS","Celtic Sea","","Celtic Sea  S. solea","Celtic Sea "
"ICES-WGCSE_IS27.7a_Pleuronectes_platessa","ICES-WGCSE","IS27.7a","Pleuronectiformes","Pleuronectidae","Pleuronectes","platessa","SAM","ICES WKIRISH (2017)","","Catch.8 is 8+","ICES-WGCSE_IS27.7a_Pleuronectes_platessa","P.","P. platessa","ICES","NE Atlantic","IS","Irish Sea","7a","Irish Sea 7a P. platessa","Irish Sea 7a"
"ICES-WGCSE_IS6a-7b-7j_Dicentrarchus _labrax","ICES-WGCSE","IS6a-7b-7j","Perciformes","Moronidae","Dicentrarchus ","labrax","No assessment","","","","ICES-WGCSE_IS6a-7b-7j_Dicentrarchus _labrax","D.","D. labrax","ICES","NE Atlantic","IS","Irish Sea","","Irish Sea  D. labrax","Irish Sea "
"ICES-WGCSE_IS7a_Gadus_morhua","ICES-WGCSE","IS7a","Gadiformes","Gadidae","Gadus","morhua","ASAP","ICES WKIRISH3 (ICES, 2017a)","","Catch.6 is 6+","ICES-WGCSE_IS7a_Gadus_morhua","G.","G. morhua","ICES","NE Atlantic","IS","Irish Sea","","Irish Sea  G. morhua","Irish Sea "
"ICES-WGCSE_IS7e_Pleuronectes_platessa","ICES-WGCSE","IS7e","Pleuronectiformes","Pleuronectidae","Pleuronectes","platessa","XSA","","","Catch.10 is 10+","ICES-WGCSE_IS7e_Pleuronectes_platessa","P.","P. platessa","ICES","NE Atlantic","IS","Irish Sea","7e","Irish Sea 7e P. platessa","Irish Sea 7e"
"ICES-WGCSE_IS7e_Solea_solea","ICES-WGCSE","IS7e","Pleuronectiformes","Soleidae","Solea","solea","XSA","WKFLAT (ICES 2012), IBPWCFLAT2 (ICES, 2015)","","Catch.12 is 12+","ICES-WGCSE_IS7e_Solea_solea","S.","S. solea","ICES","NE Atlantic","IS","Irish Sea","","Irish Sea  S. solea","Irish Sea "
"ICES-WGCSE_ISbc-ek_Melanogrammus_aeglefinus","ICES-WGCSE","ISbc-ek","Gadiformes","Gadidae","Melanogrammus","aeglefinus","ASAP + XSA","","","","ICES-WGCSE_ISbc-ek_Melanogrammus_aeglefinus","M.","M. aeglefinus","ICES","NE Atlantic","IS","Irish Sea","","Irish Sea  M. aeglefinus","Irish Sea "
"ICES-WGCSE_NS6a_Gadus_morhua","ICES-WGCSE","NS6a","Gadiformes","Gadidae","Gadus","morhua","TSA","","","Catch.7 is 7+","ICES-WGCSE_NS6a_Gadus_morhua","G.","G. morhua","ICES","NE Atlantic","NS","North Sea","6a","North Sea 6a G. morhua","North Sea 6a"
"ICES-WGCSE_ROCK6b_Melanogrammus_aeglefinus","ICES-WGCSE","ROCK6b","Gadiformes","Gadidae","Melanogrammus","aeglefinus","XSA","","","Catch.7 is 7+ entered by FK","ICES-WGCSE_ROCK6b_Melanogrammus_aeglefinus","M.","M. aeglefinus","ICES","NE Atlantic","CS","Celtic Sea Rockall","","Celtic Sea Rockall  M. aeglefinus","Celtic Sea Rockall "
"ICES-WGHANSA_SP8abd_Sardina _pilchardus","ICES-WGHANSA","SP8abd","Clupeiformes","Clupeidae","Sardina ","pilchardus","survey indices","","","Catch.8 is 8+. Data are French and Spanish commercial fleets in thousands","ICES-WGHANSA_SP8abd_Sardina _pilchardus","S.","S. pilchardus","ICES","NE Atlantic","BoB","Bay of Biscay","","Bay of Biscay  S. pilchardus","Bay of Biscay "
"ICES-WGNSSK_NS  4-6a-20_Melanogrammus_aeglefinus","ICES-WGNSSK","NS  4-6a-20","Gadiformes","Gadidae","Melanogrammus","aeglefinus","TSA","ICES WKHAD (2014)","","Potential duplicate stock? NS4-3a20-6a? Catch.15 is 15+. Model uses 8+ for years 1972-2016","ICES-WGNSSK_NS  4-6a-20_Melanogrammus_aeglefinus","M.","M. aeglefinus","ICES","NE Atlantic","NS","North Sea","","North Sea  M. aeglefinus","North Sea "
"ICES-WGNSSK_NS 4,20_Pleuronectes_platessa","ICES-WGNSSK","NS 4,20","Pleuronectiformes","Pleuronectidae","Pleuronectes","platessa","AAP using FLR, splines, mgcv","","","FK replaced discards with commercial landings","ICES-WGNSSK_NS 4,20_Pleuronectes_platessa","P.","P. platessa","ICES","NE Atlantic","NS","North Sea","4 20","North Sea 4 20 P. platessa","North Sea 4 20"
"ICES-WGNSSK_NS 4-3aN_Trisopterus_esmarkii","ICES-WGNSSK","NS 4-3aN","Gadiformes","Gadidae","Trisopterus","esmarkii","SESAM","ICES WKPOUR (2016), Nielsen and Berg 2016","","Seasonal SAM, Previously SXSA which stands for seasonal extended survivors analysis. Catch.4 is 4+ and catch is in millions. FK entered catch data. DK converted all numbers to thousands (Catch and Num)","ICES-WGNSSK_NS 4-3aN_Trisopterus_esmarkii","T.","T. esmarkii","ICES","NE Atlantic","NS","North Sea","","North Sea  T. esmarkii","North Sea "
"ICES-WGNSSK_NS 4-6- 3a_Pollachius_virens","ICES-WGNSSK","NS 4-6- 3a","Gadiformes","Gadidae","Pollachius","virens","SAM","","","Catch in thousands, Catch.10 is 10+","ICES-WGNSSK_NS 4-6- 3a_Pollachius_virens","P.","P. virens","ICES","NE Atlantic","NS","North Sea","","North Sea  P. virens","North Sea "
"ICES-WGNSSK_NS 4-7d,20_Gadus_morhua","ICES-WGNSSK","NS 4-7d,20","Gadiformes","Gadidae","Gadus","morhua","SA M","ICES WKCOD 2011","","DK entered using 2020 report","ICES-WGNSSK_NS 4-7d,20_Gadus_morhua","G.","G. morhua","ICES","NE Atlantic","NS","North Sea","4-7 20","North Sea 4-7 20 G. morhua","North Sea 4-7 20"
"ICES-WGNSSK_NS 4-7d_Merlangius_merlangus","ICES-WGNSSK","NS 4-7d","Gadiformes","Gadidae","Merlangius","merlangus","FLXSA and SURBAR (and possibly SAM)","WKROUND","","Catch in thousands, ages 1-8+ for years 1990-2016 are included in final assessment","ICES-WGNSSK_NS 4-7d_Merlangius_merlangus","M.","M. merlangus","ICES","NE Atlantic","NS","North Sea","","North Sea  M. merlangus","North Sea "
"ICES-WGNSSK_NS 7d._Solea_solea","ICES-WGNSSK","NS 7d.","Pleuronectiformes","Soleidae","Solea","solea","XSA","","","Catch in weight is available","ICES-WGNSSK_NS 7d._Solea_solea","S.","S. solea","ICES","NE Atlantic","NS","North Sea","7d","North Sea 7d S. solea","North Sea 7d"
"ICES-WGNSSK_NS 7d_Pleuronectes_platessa","ICES-WGNSSK","NS 7d","Pleuronectiformes","Pleuronectidae","Pleuronectes","platessa","AAP","Aarts and Poos 2009","","Catch in thousands","ICES-WGNSSK_NS 7d_Pleuronectes_platessa","P.","P. platessa","ICES","NE Atlantic","NS","North Sea","7d","North Sea 7d P. platessa","North Sea 7d"
"ICES-WGNSSK_NS4 _Scopthalmus_maximus","ICES-WGNSSK","NS4 ","Pleuronectiformes","Scopthalmidae","Scopthalmus","maximus","SAM","IBP 2017","Y","Discards not used, landings from 1991-1997 and 1999 not used.","ICES-WGNSSK_NS4 _Scopthalmus_maximus","S.","S. maximus","ICES","NE Atlantic","NS","North Sea","","North Sea  S. maximus","North Sea "
"ICES-WGNSSK_NS4 _Solea_solea","ICES-WGNSSK","NS4 ","Pleuronectiformes","Soleidae","Solea","solea","AAP","Aarts and Poor 2009","","Catch in thousands","ICES-WGNSSK_NS4 _Solea_solea","S.","S. solea","ICES","NE Atlantic","NS","North Sea","4","North Sea 4 S. solea","North Sea 4"
"ICES-WGWIDE_NEA 1,2,5,4a,14a_clupea_ harengus","ICES-WGWIDE","NEA 1,2,5,4a,14a","Clupeiformes","Clupeidae","clupea","harengus","XSAM","WKPELA 2016, Aanes 2016a and 2016b","","Catch in thousands. Catch.15 is 15+","ICES-WGWIDE_NEA 1,2,5,4a,14a_clupea_ harengus","C.","C. harengus","ICES","NE Atlantic","NEA","NE Arctic","","NE Arctic  C. harengus","NE Arctic "
"ICES-WGWIDE_NEA 1-9,12,14_Micromesistius_poutassou","ICES-WGWIDE","NEA 1-9,12,14","Gadiformes","Gadidae","Micromesistius","poutassou","SAM","IBPBLW 2016","","Catch in thousands, discards included since 2014, 2018 values are preliminary. Catch.10 is 10+","ICES-WGWIDE_NEA 1-9,12,14_Micromesistius_poutassou","M.","M. poutassou","ICES","NE Atlantic","NEA","NE Arctic","","NE Arctic  M. poutassou","NE Arctic "
"NEFSC-CERT-TRAC_GB _Gadus_morhua","NEFSC-CERT-TRAC","GB ","Gadiformes","Gadidae","Gadus","morhua","ASAP (statistical catch at age)","Legault and Restrepo 1998 Wang et al. 2015 Legault 2008",NA,"Catch.16 is 16+. In thousands. Landings and discards for Canada and US","NEFSC-CERT-TRAC_GB _Gadus_morhua","G.","G. morhua","NEFSC","NW Atlantic","GOM-GB","Georges Bank","East","Georges Bank East G. morhua","Georges Bank East"
"NEFSC-GARMIII_5Y_Glyptocephalus_cynoglossus","NEFSC-GARMIII","5Y","Pleuronectiformes","Pleuronectidae","Glyptocephalus","cynoglossus","no accepted model as of 2016","",NA,"landings and discards included. Total USA commercial catch (thousands of fish) at age of witch flounder","NEFSC-GARMIII_5Y_Glyptocephalus_cynoglossus","G.","G. cynoglossus","NEFSC","NW Atlantic","GOM-GB","NAFO 5Y","","NAFO 5Y  G. cynoglossus","NAFO 5Y "
"NEFSC-GARMIII_5Y_Melanogrammus_Aeglefinus","NEFSC-GARMIII","5Y","Gadiformes","Gadidae","Melanogrammus","aeglefinus","ASAP (statistical catch at age)","",NA,"Total (all sources of removals) catch-at-age (numbers 000s of fish) of Gulf of Maine haddock from 1977 to 2013 with an age 9+ group assuming 50% mortality of recreational releases. This formulation is used as the ‘base’ case. *Only ages 1 through the 9+group are used as assessment model inputs","NEFSC-GARMIII_5Y_Melanogrammus_Aeglefinus","M.","M. aeglefinus","NEFSC","NW Atlantic","GOM-GB","NAFO 5Y","","NAFO 5Y  M. aeglefinus","NAFO 5Y "
"NEFSC-GARMIII_GB_Gadus_morhua","NEFSC-GARMIII","GB","Gadiformes","Gadidae","Gadus","morhua","VPA and ADAPT","",NA,"Landings in thousands Catch.10 is 10+","NEFSC-GARMIII_GB_Gadus_morhua","G.","G. morhua","NEFSC","NW Atlantic","GOM-GB","Georges Bank","","Georges Bank  G. morhua","Georges Bank "
"NEFSC-GARMIII_GOM- GB_Urophycis_tenuis","NEFSC-GARMIII","GOM- GB","Gadiformes","Phycidae","Urophycis","tenuis","ASPM assessment model was tested but not accepted. Accepted model is ASAP (statistical catch-at-age)","",NA,"Catch includes discards. Catch.10 is 10+","NEFSC-GARMIII_GOM- GB_Urophycis_tenuis","U.","U. tenuis","NEFSC","NW Atlantic","GOM-GB","Georges Bank","","Georges Bank  U. tenuis","Georges Bank "
"NEFSC-GARMIII_GOM-CHATT_Morone_saxatilis","NEFSC-GARMIII","GOM-CHATT","Perciformes","Moronidae","Morone","saxatilis","SCA","",NA,"FK replaced catch data (table B6.5 landings only) with total removals (table B6.22 incl. discards and recreational). In numbers. ","NEFSC-GARMIII_GOM-CHATT_Morone_saxatilis","M.","M. saxatilis","NEFSC","NW Atlantic","GOM-GB","Gulf of Maine","","Gulf of Maine  M. saxatilis","Gulf of Maine "
"NEFSC-GARMIII_MA_Paralichthys_dentatus","NEFSC-GARMIII","MA","Pleuronectiformes","Paralichthyidae","Paralichthys","dentatus","ASAP (statistical catch at age)","Legault and Restrepo 1998",NA,"Total catch at age of summer flounder (000s) ME-NC. Includes all sources of catch.","NEFSC-GARMIII_MA_Paralichthys_dentatus","P.","P. dentatus","NEFSC","NW Atlantic","GOM-GB","Gulf of Maine","","Gulf of Maine  P. dentatus","Gulf of Maine "
"NEFSC-GARMIII_SNE- MA_Limanda_ferruginea","NEFSC-GARMIII","SNE- MA","Pleuronectiformes","Pleuronectidae","Limanda","ferruginea","ASAP model Run26","",NA,"FK changed catch to include discards (was table B18 now table B32). Southern New England Mid-Atlantic yellowtail flounder total catch at age (landings + discards) in thousands of fish. Catch. 6 is 6+","NEFSC-GARMIII_SNE- MA_Limanda_ferruginea","L.","L. ferruginea","NEFSC","NW Atlantic","GOM-GB","Gulf of Maine","","Gulf of Maine  L. ferruginea","Gulf of Maine "
"NEFSC-SAW_GOM_Gadus_morhua","NEFSC-SAW","GOM","Gadiformes","Gadidae","Gadus","morhua","ASAP (statistical catch at age)","Age Structured Assessment Program v2.0.20 Legault and Restrepo 1998 Legault 2008",NA,"Total catch-at-age (numbers 000s of fish) of Gulf of Maine Atlantic cod from 1982 to 2011 with an age 9+ group. Only ages 1 through the 9+group are used as assessment model inputs. Includes recreational discards commercial.","NEFSC-SAW_GOM_Gadus_morhua","G.","G. morhua","NEFSC","NW Atlantic","GOM-GB","Gulf of Maine","","Gulf of Maine  G. morhua","Gulf of Maine "
"NEFSC-SAW_USATL_Stenotomus_Chrysops","NEFSC-SAW","USATL","Perciformes","Sparidae","Stenotomus","Chrysops","ASAP (statistical catch at age)","",NA,"Total fishery scup catch (000s) at age. Recreational commercial discards","NEFSC-SAW_USATL_Stenotomus_Chrysops","S.","S. Chrysops","NEFSC","NW Atlantic","GOM-GB","US Atlantic","","US Atlantic  S. Chrysops","US Atlantic "
"NEFSC_5YZ_ Hippoglossoides_platessoides","NEFSC","5YZ","Pleuronectiformes","Pleuronectidae","Hippoglossoides","platessoides","ADAPT","",NA,"Total catch (thousands of fish) at age of American plaice from the Gulf of Maine. Includes all sources of removals","NEFSC_5YZ_ Hippoglossoides_platessoides","H.","H. platessoides","NEFSC","NW Atlantic","GOM-GB","NAFO 5Y","","NAFO 5Y  H. platessoides","NAFO 5Y "
"NEFSC_5YZ_Pollachius _virens","NEFSC","5YZ","Gadiformes","Gadidae","Pollachius ","virens","ASAP (statistical catch at age)","",NA,"Unable to find source of catch data possibly calculated? Likely includes all sources of removals though","NEFSC_5YZ_Pollachius _virens","P.","P. virens","NEFSC","NW Atlantic","GOM-GB","NAFO 5Y","","NAFO 5Y  P. virens","NAFO 5Y "
"NEFSC_5Z_Pseudopleuronectes_americanus","NEFSC","5Z","Pleuronectiformes","Pleuronectidae","Pseudopleuronectes","americanus","VPA and ADAPT","Gavaris 1988 Gavaris and Van Eeckhoute 1998",NA,"Catch.7 is 7+. In thousands. Age 0 excluded from VPA. Includes discards.","NEFSC_5Z_Pseudopleuronectes_americanus","P.","P. americanus","NEFSC","NW Atlantic","GOM-GB","NAFO 5Z","","NAFO 5Z  P. americanus","NAFO 5Z "
"NEFSC_NWA_Scomber _scombrus","NEFSC","NWA","Scombriformes","Scombridae","Scomber ","scombrus","ASAP. CCAM and SAM also tested","Legault and Restrepo 1998",NA,"Total (U.S. and Canada combined) catch-at-age (thousands of fish) of Atlantic mackerel from 1968 -2016. Catch includes all sources.","NEFSC_NWA_Scomber _scombrus","S.","S. scombrus","NEFSC","NW Atlantic","GOM-GB","US Atlantic","","US Atlantic  S. scombrus","US Atlantic "
